impl,M,N,K,avg_ms,gflops
cublas,128,128,128,0.0170496,246.006
cublas,256,256,256,0.026624,1260.31
cublas,512,256,128,0.0486912,689.127
cublas,1024,512,256,0.100805,2662.92
cublas,512,1024,512,0.174592,3075
cublas,1024,1024,1024,0.590182,3638.68
cublas,2048,1024,512,0.624026,3441.34
cublas,2048,2048,2048,4.48758,3828.32
cublas,4096,512,4096,4.23588,4055.8
cublas,4096,1024,2048,4.20516,4085.43
cublas,4096,2048,4096,18.1607,3783.97
cublas,4096,4096,4096,37.4282,3672.07
