kernel,M,N,K,avg_ms,gflops
naive,128,128,128,0.0191488,219.037
naive,256,256,256,0.0973312,344.745
naive,512,256,128,0.0967168,346.935
naive,1024,512,256,0.732109,366.661
naive,512,1024,512,1.46125,367.406
naive,1024,1024,1024,5.66661,378.971
naive,2048,1024,512,4.66713,460.129
naive,2048,2048,2048,44.1576,389.058
naive,4096,512,4096,43.9697,390.721
naive,4096,1024,2048,43.9026,391.318
naive,4096,2048,4096,176.899,388.468
naive,4096,4096,4096,358.198,383.695
